place _id,price,place_name,address
1,10,Life and Science Museum,"433 W Murray Ave, Durham, NC 27704"
2,11,History Museum,"123 Westside St, Durham, NC 27704"
3,100,Art Museum,"412 North Rd, Durham, NC 27704"
4,1,Ripley's Believe it or Not,"1231 Blaker Lane, Durham, NC 27704"
5,5,Fish House Aquarium,"434 W Murray Ave, Chapel Hill, NC 27517"
6,12,Water World,"432 W Murray Ave, Durham, NC 27704"
7,11,Animal Planet Zoo,"19 King's Rd, Chapel Hill, NC 27517"
8,16,Panda Preseve,"12321 Drew Drive, Benson, NC 27714"
9,13,Turtle Town,"987 Trick Lane, Benson, NC 27714"
10,2,Bird Base,"7722 Wild Horse Street El Paso, TX 79930"
101,0,Burger Shack,"658 S. Lexington St. Queensbury, NY 12804"
102,0,Med Deli,"317 South Sheffield Ave. Arvada, CO 80003"
103,0,Jave Palace,"102 Trout St. Neptune, NJ 07753"
104,0,Mint Indian Cuisine,"25 Rock Maple Dr. Upper Darby, PA 19082"
105,0,Village Pizza Pasta,"398 Williams St. Olive Branch, NA 38654"
106,0,Steak House,"7457 South Winchester Ave. Oxford, NY 38655"
107,0,BBQ Station,"9979 Brickyard Street Stockbridge, GA 30281"
108,0,Greg's Grill,"675 Walnut Ave. Lakeland, FL 33801"
109,0,Tandoor Indian Restaurant,"944 South Meadowbrook Street Mahopac, NY 10541"
110,0,Charlie's,"46 Ashley Rd. Southington, CT 06489"